Packdatum;Filialen;Bereich;;;;;
2017-01-01;36;DPS;;;;;
2017-01-02;169;DPS;;;;;
2017-01-03;162;DPS;;;;;
2017-01-04;172;DPS;;;;;
2017-01-05;187;DPS;;;;;
2017-01-06;75;DPS;;;;;
2017-01-07;2;DPS;;;;;
2017-01-08;68;DPS;;;;;
2017-01-09;164;DPS;;;;;
2017-01-10;148;DPS;;;;;
2017-01-11;168;DPS;;;;;
2017-01-12;187;DPS;;;;;
2017-01-13;101;DPS;;;;;
2017-01-14;2;DPS;;;;;
2017-01-15;68;DPS;;;;;
2017-01-16;57;DPS;;;;;
2017-01-18;170;DPS;;;;;
2017-01-19;177;DPS;;;;;
2017-01-20;82;DPS;;;;;
2017-01-21;9;DPS;;;;;
2017-01-22;67;DPS;;;;;
2017-01-23;162;DPS;;;;;
2017-01-24;157;DPS;;;;;
2017-01-25;164;DPS;;;;;
2017-01-26;169;DPS;;;;;
2017-01-27;82;DPS;;;;;
2017-01-28;6;DPS;;;;;
2017-01-29;75;DPS;;;;;
2017-01-30;163;DPS;;;;;
2017-01-31;157;DPS;;;;;
2017-02-01;168;DPS;;;;;
2017-02-02;170;DPS;;;;;
2017-02-03;81;DPS;;;;;
2017-02-04;2;DPS;;;;;
2017-02-05;63;DPS;;;;;
2017-02-06;163;DPS;;;;;
2017-02-07;156;DPS;;;;;
2017-02-08;182;DPS;;;;;
2017-02-09;180;DPS;;;;;
2017-02-10;92;DPS;;;;;
2017-02-11;8;DPS;;;;;
2017-02-12;58;DPS;;;;;
2017-02-13;162;DPS;;;;;
2017-02-14;154;DPS;;;;;
2017-02-15;177;DPS;;;;;
2017-02-16;163;DPS;;;;;
2017-02-17;95;DPS;;;;;
2017-02-18;15;DPS;;;;;
2017-02-19;30;DPS;;;;;
2017-02-20;71;DPS;;;;;
2017-02-21;160;DPS;;;;;
2017-02-22;176;DPS;;;;;
2017-02-23;161;DPS;;;;;
2017-02-24;92;DPS;;;;;
2017-02-26;61;DPS;;;;;
2017-02-27;163;DPS;;;;;
2017-02-28;62;DPS;;;;;
2017-03-01;169;DPS;;;;;
2017-03-02;171;DPS;;;;;
2017-03-03;41;DPS;;;;;
2017-03-04;2;DPS;;;;;
2017-03-05;26;DPS;;;;;
2017-03-06;166;DPS;;;;;
2017-03-07;178;DPS;;;;;
2017-03-08;174;DPS;;;;;
2017-03-09;184;DPS;;;;;
2017-03-10;111;DPS;;;;;
2017-03-11;4;DPS;;;;;
2017-03-12;37;DPS;;;;;
2017-03-13;169;DPS;;;;;
2017-03-14;163;DPS;;;;;
2017-03-15;175;DPS;;;;;
2017-03-16;178;DPS;;;;;
2017-03-17;96;DPS;;;;;
2017-03-18;6;DPS;;;;;
2017-03-19;64;DPS;;;;;
2017-03-20;164;DPS;;;;;
2017-03-21;150;DPS;;;;;
2017-03-22;169;DPS;;;;;
2017-03-23;182;DPS;;;;;
2017-03-24;82;DPS;;;;;
2017-03-25;7;DPS;;;;;
2017-03-26;68;DPS;;;;;
2017-03-27;167;DPS;;;;;
2017-03-28;158;DPS;;;;;
2017-03-29;166;DPS;;;;;
2017-03-30;160;DPS;;;;;
2017-03-31;96;DPS;;;;;
2017-04-01;49;DPS;;;;;
2017-04-02;37;DPS;;;;;
2017-04-03;162;DPS;;;;;
2017-04-04;161;DPS;;;;;
2017-04-05;187;DPS;;;;;
2017-04-06;181;DPS;;;;;
2017-04-07;181;DPS;;;;;
2017-04-08;125;DPS;;;;;
2017-04-09;71;DPS;;;;;
2017-04-10;182;DPS;;;;;
2017-04-11;199;DPS;;;;;
2017-04-12;196;DPS;;;;;
2017-04-13;113;DPS;;;;;
2017-04-14;42;DPS;;;;;
2017-04-15;29;DPS;;;;;
2017-04-17;42;DPS;;;;;
2017-04-18;183;DPS;;;;;
2017-04-19;184;DPS;;;;;
2017-04-20;172;DPS;;;;;
2017-04-21;87;DPS;;;;;
2017-04-22;33;DPS;;;;;
2017-04-23;68;DPS;;;;;
2017-04-24;166;DPS;;;;;
2017-04-25;154;DPS;;;;;
2017-04-26;164;DPS;;;;;
2017-04-27;184;DPS;;;;;
2017-04-28;182;DPS;;;;;
2017-04-29;62;DPS;;;;;
2017-05-01;52;DPS;;;;;
2017-05-02;184;DPS;;;;;
2017-05-03;215;DPS;;;;;
2017-05-04;155;DPS;;;;;
2017-05-05;141;DPS;;;;;
2017-05-06;64;DPS;;;;;
2017-05-07;72;DPS;;;;;
2017-05-08;156;DPS;;;;;
2017-05-09;164;DPS;;;;;
2017-05-10;169;DPS;;;;;
2017-05-11;173;DPS;;;;;
2017-05-12;104;DPS;;;;;
2017-05-13;17;DPS;;;;;
2017-05-14;30;DPS;;;;;
2017-05-15;166;DPS;;;;;
2017-05-16;172;DPS;;;;;
2017-05-17;177;DPS;;;;;
2017-05-18;180;DPS;;;;;
2017-05-19;99;DPS;;;;;
2017-05-20;50;DPS;;;;;
2017-05-21;30;DPS;;;;;
2017-05-22;180;DPS;;;;;
2017-05-23;190;DPS;;;;;
2017-05-24;130;DPS;;;;;
2017-05-25;52;DPS;;;;;
2017-05-26;182;DPS;;;;;
2017-05-27;88;DPS;;;;;
2017-05-28;62;DPS;;;;;
2017-05-29;167;DPS;;;;;
2017-05-30;179;DPS;;;;;
2017-05-31;180;DPS;;;;;
2017-06-01;183;DPS;;;;;
2017-06-02;184;DPS;;;;;
2017-06-03;63;DPS;;;;;
2017-06-05;46;DPS;;;;;
2017-06-06;189;DPS;;;;;
2017-06-07;189;DPS;;;;;
2017-06-08;183;DPS;;;;;
2017-06-09;114;DPS;;;;;
2017-06-10;45;DPS;;;;;
2017-06-11;60;DPS;;;;;
2017-06-12;160;DPS;;;;;
2017-06-13;165;DPS;;;;;
2017-06-14;198;DPS;;;;;
2017-06-15;179;DPS;;;;;
2017-06-16;106;DPS;;;;;
2017-06-17;36;DPS;;;;;
2017-06-18;73;DPS;;;;;
2017-06-19;167;DPS;;;;;
2017-06-20;165;DPS;;;;;
2017-06-21;160;DPS;;;;;
2017-06-22;191;DPS;;;;;
2017-06-23;108;DPS;;;;;
2017-06-24;36;DPS;;;;;
2017-06-25;65;DPS;;;;;
2017-06-26;176;DPS;;;;;
2017-06-27;164;DPS;;;;;
2017-06-28;175;DPS;;;;;
2017-06-29;171;DPS;;;;;
2017-06-30;84;DPS;;;;;
2017-07-01;9;DPS;;;;;
2017-07-02;79;DPS;;;;;
2017-07-03;171;DPS;;;;;
2017-07-04;166;DPS;;;;;
2017-07-05;193;DPS;;;;;
2017-07-06;178;DPS;;;;;
2017-07-07;105;DPS;;;;;
2017-07-08;32;DPS;;;;;
2017-07-09;73;DPS;;;;;
2017-07-10;161;DPS;;;;;
2017-07-11;161;DPS;;;;;
2017-07-12;168;DPS;;;;;
2017-07-13;164;DPS;;;;;
2017-07-14;94;DPS;;;;;
2017-07-15;48;DPS;;;;;
2017-07-17;129;DPS;;;;;
2017-07-18;109;DPS;;;;;
2017-07-19;119;DPS;;;;;
2017-07-20;118;DPS;;;;;
2017-07-21;97;DPS;;;;;
2017-07-22;14;DPS;;;;;
2017-07-24;139;DPS;;;;;
2017-07-25;104;DPS;;;;;
2017-07-26;137;DPS;;;;;
2017-07-27;79;DPS;;;;;
2017-07-28;60;DPS;;;;;
2017-07-30;32;DPS;;;;;
2017-07-31;130;DPS;;;;;
2017-08-01;110;DPS;;;;;
2017-08-02;111;DPS;;;;;
2017-08-03;157;DPS;;;;;
2017-08-04;101;DPS;;;;;
2017-08-06;43;DPS;;;;;
2017-08-07;127;DPS;;;;;
2017-08-08;114;DPS;;;;;
2017-08-09;124;DPS;;;;;
2017-08-10;110;DPS;;;;;
2017-08-11;97;DPS;;;;;
2017-08-12;9;DPS;;;;;
2017-08-13;30;DPS;;;;;
2017-08-14;132;DPS;;;;;
2017-08-15;129;DPS;;;;;
2017-08-16;88;DPS;;;;;
2017-08-17;79;DPS;;;;;
2017-08-18;59;DPS;;;;;
2017-08-19;13;DPS;;;;;
2017-08-21;129;DPS;;;;;
2017-08-22;108;DPS;;;;;
2017-08-23;75;DPS;;;;;
2017-08-24;77;DPS;;;;;
2017-08-25;57;DPS;;;;;
2017-08-26;11;DPS;;;;;
2017-08-28;134;DPS;;;;;
2017-08-29;113;DPS;;;;;
2017-08-30;74;DPS;;;;;
2017-08-31;82;DPS;;;;;
2017-09-01;98;DPS;;;;;
2017-09-02;1;DPS;;;;;
2017-09-04;131;DPS;;;;;
2017-09-05;139;DPS;;;;;
2017-09-06;145;DPS;;;;;
2017-09-07;112;DPS;;;;;
2017-09-08;99;DPS;;;;;
2017-09-09;10;DPS;;;;;
2017-09-11;129;DPS;;;;;
2017-09-12;148;DPS;;;;;
2017-09-13;115;DPS;;;;;
2017-09-14;112;DPS;;;;;
2017-09-15;99;DPS;;;;;
2017-09-16;1;DPS;;;;;
2017-09-18;129;DPS;;;;;
2017-09-19;140;DPS;;;;;
2017-09-20;139;DPS;;;;;
2017-09-21;72;DPS;;;;;
2017-09-22;104;DPS;;;;;
2017-09-23;3;DPS;;;;;
2017-09-25;136;DPS;;;;;
2017-09-26;146;DPS;;;;;
2017-09-27;112;DPS;;;;;
2017-09-28;125;DPS;;;;;
2017-09-29;100;DPS;;;;;
2017-09-30;75;DPS;;;;;
2017-10-02;77;DPS;;;;;
2017-10-03;2;DPS;;;;;
2017-10-04;99;DPS;;;;;
2017-10-05;88;DPS;;;;;
2017-10-06;86;DPS;;;;;
2017-10-07;5;DPS;;;;;
2017-10-09;130;DPS;;;;;
2017-10-10;110;DPS;;;;;
2017-10-11;99;DPS;;;;;
2017-10-12;112;DPS;;;;;
2017-10-13;102;DPS;;;;;
2017-10-14;1;DPS;;;;;
2017-10-16;137;DPS;;;;;
2017-10-17;139;DPS;;;;;
2017-10-18;139;DPS;;;;;
2017-10-19;153;DPS;;;;;
2017-10-20;102;DPS;;;;;
2017-10-21;12;DPS;;;;;
2017-10-23;141;DPS;;;;;
2017-10-24;148;DPS;;;;;
2017-10-25;108;DPS;;;;;
2017-10-26;115;DPS;;;;;
2017-10-27;142;DPS;;;;;
2017-10-28;73;DPS;;;;;
2017-10-30;112;DPS;;;;;
2017-10-31;1;DPS;;;;;
2017-11-01;120;DPS;;;;;
2017-11-02;136;DPS;;;;;
2017-11-03;88;DPS;;;;;
2017-11-04;10;DPS;;;;;
2017-11-06;87;DPS;;;;;
2017-11-07;157;DPS;;;;;
2017-11-08;143;DPS;;;;;
2017-11-09;149;DPS;;;;;
2017-11-10;145;DPS;;;;;
2017-11-11;14;DPS;;;;;
2017-11-13;139;DPS;;;;;
2017-11-14;143;DPS;;;;;
2017-11-15;141;DPS;;;;;
2017-11-16;147;DPS;;;;;
2017-11-17;148;DPS;;;;;
2017-11-18;26;DPS;;;;;
2017-11-20;143;DPS;;;;;
2017-11-21;145;DPS;;;;;
2017-11-22;132;DPS;;;;;
2017-11-23;111;DPS;;;;;
2017-11-24;101;DPS;;;;;
2017-11-25;3;DPS;;;;;
2017-11-27;128;DPS;;;;;
2017-11-28;152;DPS;;;;;
2017-11-29;110;DPS;;;;;
2017-11-30;159;DPS;;;;;
2017-12-01;140;DPS;;;;;
2017-12-02;78;DPS;;;;;
2017-12-04;117;DPS;;;;;
2017-12-05;115;DPS;;;;;
2017-12-06;77;DPS;;;;;
2017-12-07;116;DPS;;;;;
2017-12-08;132;DPS;;;;;
2017-12-09;72;DPS;;;;;
2017-12-11;117;DPS;;;;;
2017-12-12;90;DPS;;;;;
2017-12-13;118;DPS;;;;;
2017-12-14;125;DPS;;;;;
2017-12-15;89;DPS;;;;;
2017-12-16;75;DPS;;;;;
2017-12-18;120;DPS;;;;;
2017-12-19;102;DPS;;;;;
2017-12-20;110;DPS;;;;;
2017-12-21;118;DPS;;;;;
2017-12-22;131;DPS;;;;;
2017-12-23;107;DPS;;;;;
2017-12-27;179;DPS;;;;;
2017-12-28;188;DPS;;;;;
2017-12-29;156;DPS;;;;;
2017-12-30;77;DPS;;;;;
2018-01-02;117;DPS;;;;;
2018-01-03;92;DPS;;;;;
2018-01-04;84;DPS;;;;;
2018-01-05;62;DPS;;;;;
2018-01-06;11;DPS;;;;;
2018-01-08;132;DPS;;;;;
2018-01-09;110;DPS;;;;;
2018-01-10;133;DPS;;;;;
2018-01-11;75;DPS;;;;;
2018-01-12;107;DPS;;;;;
2018-01-13;3;DPS;;;;;
2018-01-15;122;DPS;;;;;
2018-01-16;110;DPS;;;;;
2018-01-17;74;DPS;;;;;
2018-01-18;75;DPS;;;;;
2018-01-19;100;DPS;;;;;
2018-01-20;5;DPS;;;;;
2018-01-22;129;DPS;;;;;
2018-01-23;108;DPS;;;;;
2018-01-24;114;DPS;;;;;
2018-01-25;78;DPS;;;;;
2018-01-26;60;DPS;;;;;
2018-01-27;5;DPS;;;;;
2018-01-29;132;DPS;;;;;
2018-01-30;113;DPS;;;;;
2018-01-31;122;DPS;;;;;
2018-02-01;73;DPS;;;;;
2018-02-02;98;DPS;;;;;
2018-02-03;3;DPS;;;;;
2018-02-05;135;DPS;;;;;
2018-02-06;142;DPS;;;;;
2018-02-07;134;DPS;;;;;
2018-02-08;113;DPS;;;;;
2018-02-09;103;DPS;;;;;
2018-02-10;1;DPS;;;;;
2018-02-12;128;DPS;;;;;
2018-02-13;103;DPS;;;;;
2018-02-14;113;DPS;;;;;
2018-02-15;113;DPS;;;;;
2018-02-16;99;DPS;;;;;
2018-02-19;121;DPS;;;;;
2018-02-20;119;DPS;;;;;
2018-02-21;87;DPS;;;;;
2018-02-22;73;DPS;;;;;
2018-02-23;57;DPS;;;;;
2018-02-24;5;DPS;;;;;
2018-02-26;132;DPS;;;;;
2018-02-27;119;DPS;;;;;
2018-02-28;75;DPS;;;;;
2018-03-01;84;DPS;;;;;
2018-03-02;57;DPS;;;;;
2018-03-03;5;DPS;;;;;
2018-03-05;126;DPS;;;;;
2018-03-06;136;DPS;;;;;
2018-03-07;141;DPS;;;;;
2018-03-08;113;DPS;;;;;
2018-03-09;99;DPS;;;;;
2018-03-10;3;DPS;;;;;
2018-03-11;25;DPS;;;;;
2018-03-12;124;DPS;;;;;
2018-03-13;121;DPS;;;;;
2018-03-14;84;DPS;;;;;
2018-03-15;94;DPS;;;;;
2018-03-16;109;DPS;;;;;
2018-03-17;2;DPS;;;;;
2018-03-18;23;DPS;;;;;
2018-03-19;96;DPS;;;;;
2018-03-20;80;DPS;;;;;
2018-03-21;109;DPS;;;;;
2018-03-22;93;DPS;;;;;
2018-03-23;57;DPS;;;;;
2018-03-25;22;DPS;;;;;
2018-03-26;96;DPS;;;;;
2018-03-27;102;DPS;;;;;
2018-03-28;94;DPS;;;;;
2018-03-29;49;DPS;;;;;
2018-03-31;19;DPS;;;;;
2018-04-03;70;DPS;;;;;
2018-04-04;46;DPS;;;;;
2018-04-05;85;DPS;;;;;
2018-04-06;117;DPS;;;;;
2018-04-07;66;DPS;;;;;
2018-04-09;113;DPS;;;;;
2018-04-10;76;DPS;;;;;
2018-04-11;92;DPS;;;;;
2018-04-12;39;DPS;;;;;
2018-04-13;98;DPS;;;;;
2018-04-15;24;DPS;;;;;
2018-04-16;92;DPS;;;;;
2018-04-17;119;DPS;;;;;
2018-04-18;146;DPS;;;;;
2018-04-19;92;DPS;;;;;
2018-04-20;104;DPS;;;;;
2018-04-21;5;DPS;;;;;
2018-04-22;25;DPS;;;;;
2018-04-23;88;DPS;;;;;
2018-04-24;113;DPS;;;;;
2018-04-25;75;DPS;;;;;
2018-04-26;99;DPS;;;;;
2018-04-27;63;DPS;;;;;
2018-04-28;127;DPS;;;;;
2018-05-01;2;DPS;;;;;
2018-05-02;161;DPS;;;;;
2018-05-03;154;DPS;;;;;
2018-05-04;111;DPS;;;;;
2018-05-05;37;DPS;;;;;
2018-05-07;114;DPS;;;;;
2018-05-08;103;DPS;;;;;
2018-05-09;69;DPS;;;;;
2018-05-11;115;DPS;;;;;
2018-05-12;65;DPS;;;;;
2018-05-14;78;DPS;;;;;
2018-05-15;90;DPS;;;;;
2018-05-16;119;DPS;;;;;
2018-05-17;99;DPS;;;;;
2018-05-18;137;DPS;;;;;
2018-05-19;91;DPS;;;;;
2018-05-22;126;DPS;;;;;
2018-05-23;113;DPS;;;;;
2018-05-24;47;DPS;;;;;
2018-05-25;67;DPS;;;;;
2018-05-28;101;DPS;;;;;
2018-05-29;147;DPS;;;;;
2018-05-30;150;DPS;;;;;
2018-05-31;143;DPS;;;;;
2018-06-01;148;DPS;;;;;
2018-06-02;19;DPS;;;;;
2018-06-04;102;DPS;;;;;
2018-06-05;146;DPS;;;;;
2018-06-06;135;DPS;;;;;
2018-06-07;136;DPS;;;;;
2018-06-08;107;DPS;;;;;
2018-06-09;2;DPS;;;;;
2018-06-11;138;DPS;;;;;
2018-06-12;147;DPS;;;;;
2018-06-13;144;DPS;;;;;
2018-06-14;129;DPS;;;;;
2018-06-15;99;DPS;;;;;
2018-06-18;110;DPS;;;;;
2018-06-19;123;DPS;;;;;
2018-06-20;93;DPS;;;;;
2018-06-21;48;DPS;;;;;
2018-06-22;59;DPS;;;;;
2018-06-23;2;DPS;;;;;
2018-06-25;88;DPS;;;;;
2018-06-26;83;DPS;;;;;
2018-06-27;123;DPS;;;;;
2018-06-28;131;DPS;;;;;
2018-06-29;100;DPS;;;;;
2018-06-30;3;DPS;;;;;
2018-07-02;112;DPS;;;;;
2018-07-03;117;DPS;;;;;
2018-07-04;107;DPS;;;;;
2018-07-05;127;DPS;;;;;
2018-07-06;146;DPS;;;;;
2018-07-07;12;DPS;;;;;
2018-07-09;116;DPS;;;;;
2018-07-10;117;DPS;;;;;
2018-07-11;157;DPS;;;;;
2018-07-12;146;DPS;;;;;
2018-07-13;148;DPS;;;;;
2018-07-14;2;DPS;;;;;
2018-07-16;104;DPS;;;;;
2018-07-17;152;DPS;;;;;
2018-07-18;110;DPS;;;;;
2018-07-19;91;DPS;;;;;
2018-07-20;105;DPS;;;;;
2018-07-23;101;DPS;;;;;
2018-07-24;151;DPS;;;;;
2018-07-25;159;DPS;;;;;
2018-07-26;83;DPS;;;;;
2018-07-27;108;DPS;;;;;
2018-07-28;3;DPS;;;;;
2018-07-30;84;DPS;;;;;
2018-07-31;47;DPS;;;;;
2018-08-01;46;DPS;;;;;
2018-08-02;89;DPS;;;;;
2018-08-03;51;DPS;;;;;
2018-08-04;1;DPS;;;;;
2018-08-06;84;DPS;;;;;
2018-08-07;80;DPS;;;;;
2018-08-08;97;DPS;;;;;
2018-08-09;41;DPS;;;;;
2018-08-10;62;DPS;;;;;
2018-08-11;12;DPS;;;;;
2018-08-12;21;DPS;;;;;
2018-08-13;88;DPS;;;;;
2018-08-14;80;DPS;;;;;
2018-08-15;87;DPS;;;;;
2018-08-16;51;DPS;;;;;
2018-08-17;67;DPS;;;;;
2018-08-20;85;DPS;;;;;
2018-08-21;82;DPS;;;;;
2018-08-22;151;DPS;;;;;
2018-08-23;87;DPS;;;;;
2018-08-24;62;DPS;;;;;
2018-08-25;5;DPS;;;;;
2018-08-27;82;DPS;;;;;
2018-08-28;48;DPS;;;;;
2018-08-29;45;DPS;;;;;
2018-08-30;43;DPS;;;;;
2018-08-31;59;DPS;;;;;
2018-09-01;1;DPS;;;;;
2018-09-03;80;DPS;;;;;
2018-09-04;76;DPS;;;;;
2018-09-05;78;DPS;;;;;
2018-09-06;89;DPS;;;;;
2018-09-07;97;DPS;;;;;
2018-09-09;24;DPS;;;;;
2018-09-10;81;DPS;;;;;
2018-09-11;85;DPS;;;;;
2018-09-12;41;DPS;;;;;
2018-09-13;96;DPS;;;;;
2018-09-14;105;DPS;;;;;
2018-09-15;2;DPS;;;;;
2018-09-17;103;DPS;;;;;
2018-09-18;113;DPS;;;;;
2018-09-19;99;DPS;;;;;
2018-09-20;47;DPS;;;;;
2018-09-21;100;DPS;;;;;
2018-09-24;81;DPS;;;;;
2018-09-25;80;DPS;;;;;
2018-09-26;77;DPS;;;;;
2018-09-27;88;DPS;;;;;
2018-09-28;87;DPS;;;;;
2018-09-29;11;DPS;;;;;
2018-10-01;92;DPS;;;;;
2018-10-02;99;DPS;;;;;
2018-10-04;100;DPS;;;;;
2018-10-05;84;DPS;;;;;
2018-10-06;62;DPS;;;;;
2018-10-08;129;DPS;;;;;
2018-10-09;75;DPS;;;;;
2018-10-10;106;DPS;;;;;
2018-10-11;80;DPS;;;;;
2018-10-12;144;DPS;;;;;
2018-10-13;1;DPS;;;;;
2018-10-15;104;DPS;;;;;
2018-10-16;114;DPS;;;;;
2018-10-17;115;DPS;;;;;
2018-10-18;123;DPS;;;;;
2018-10-19;143;DPS;;;;;
2018-10-22;104;DPS;;;;;
2018-10-23;119;DPS;;;;;
2018-10-24;108;DPS;;;;;
2018-10-25;104;DPS;;;;;
2018-10-26;118;DPS;;;;;
2018-10-27;87;DPS;;;;;
2018-10-29;171;DPS;;;;;
2018-10-30;130;DPS;;;;;
2018-11-01;122;DPS;;;;;
2018-11-02;182;DPS;;;;;
2018-11-03;85;DPS;;;;;
2018-11-04;3;DPS;;;;;
2018-11-05;131;DPS;;;;;
2018-11-06;115;DPS;;;;;
2018-11-07;103;DPS;;;;;
2018-11-08;121;DPS;;;;;
2018-11-09;102;DPS;;;;;
2018-11-12;109;DPS;;;;;
2018-11-13;116;DPS;;;;;
2018-11-14;77;DPS;;;;;
2018-11-15;125;DPS;;;;;
2018-11-16;54;DPS;;;;;
2018-11-19;83;DPS;;;;;
2018-11-20;75;DPS;;;;;
2018-11-21;74;DPS;;;;;
2018-11-22;78;DPS;;;;;
2018-11-23;63;DPS;;;;;
2018-11-25;17;DPS;;;;;
2018-11-26;104;DPS;;;;;
2018-11-27;116;DPS;;;;;
2018-11-28;113;DPS;;;;;
2018-11-29;131;DPS;;;;;
2018-11-30;172;DPS;;;;;
2018-12-01;90;DPS;;;;;
2018-12-02;6;DPS;;;;;
2018-12-03;136;DPS;;;;;
2018-12-04;119;DPS;;;;;
2018-12-05;105;DPS;;;;;
2018-12-06;124;DPS;;;;;
2018-12-07;123;DPS;;;;;
2018-12-08;44;DPS;;;;;
2018-12-10;86;DPS;;;;;
2018-12-11;82;DPS;;;;;
2018-12-12;96;DPS;;;;;
2018-12-13;88;DPS;;;;;
2018-12-14;88;DPS;;;;;
2018-12-15;46;DPS;;;;;
2018-12-17;91;DPS;;;;;
2018-12-18;47;DPS;;;;;
2018-12-19;44;DPS;;;;;
2018-12-20;123;DPS;;;;;
2018-12-21;131;DPS;;;;;
2018-12-22;87;DPS;;;;;
2018-12-24;4;DPS;;;;;
2018-12-27;102;DPS;;;;;
2018-12-28;78;DPS;;;;;
2018-12-29;2;DPS;;;;;
2019-01-01;41;DPS;;;;;
2019-01-02;86;DPS;;;;;
2019-01-03;89;DPS;;;;;
2019-01-04;92;DPS;;;;;
2019-01-05;1;DPS;;;;;
2019-01-07;93;DPS;;;;;
2019-01-08;82;DPS;;;;;
2019-01-09;73;DPS;;;;;
2019-01-10;90;DPS;;;;;
2019-01-11;66;DPS;;;;;
2019-01-14;83;DPS;;;;;
2019-01-15;81;DPS;;;;;
2019-01-16;80;DPS;;;;;
2019-01-17;83;DPS;;;;;
2019-01-18;108;DPS;;;;;
2019-01-19;2;DPS;;;;;
2019-01-21;104;DPS;;;;;
2019-01-22;110;DPS;;;;;
2019-01-23;103;DPS;;;;;
2019-01-24;51;DPS;;;;;
2019-01-25;61;DPS;;;;;
2019-01-26;2;DPS;;;;;
2019-01-28;83;DPS;;;;;
2019-01-29;83;DPS;;;;;
2019-01-30;82;DPS;;;;;
2019-01-31;58;DPS;;;;;
2019-02-01;60;DPS;;;;;
2019-02-04;135;DPS;;;;;
2019-02-05;109;DPS;;;;;
2019-02-06;94;DPS;;;;;
2019-02-07;49;DPS;;;;;
2019-02-08;109;DPS;;;;;
2019-02-11;87;DPS;;;;;
2019-02-12;53;DPS;;;;;
2019-02-13;51;DPS;;;;;
2019-02-14;75;DPS;;;;;
2019-02-15;108;DPS;;;;;
2019-02-16;1;DPS;;;;;
2019-02-18;81;DPS;;;;;
2019-02-19;66;DPS;;;;;
2019-02-20;89;DPS;;;;;
2019-02-21;43;DPS;;;;;
2019-02-22;61;DPS;;;;;
2019-02-23;1;DPS;;;;;
2019-02-25;80;DPS;;;;;
2019-02-26;72;DPS;;;;;
2019-02-27;53;DPS;;;;;
2019-02-28;54;DPS;;;;;
2019-03-01;68;DPS;;;;;
2019-03-02;1;DPS;;;;;
2019-03-04;98;DPS;;;;;
2019-03-05;128;DPS;;;;;
2019-03-06;161;DPS;;;;;
2019-03-07;72;DPS;;;;;
2019-03-08;105;DPS;;;;;
2019-03-11;135;DPS;;;;;
2019-03-12;109;DPS;;;;;
2019-03-13;85;DPS;;;;;
2019-03-14;84;DPS;;;;;
2019-03-15;110;DPS;;;;;
2019-03-18;85;DPS;;;;;
2019-03-19;76;DPS;;;;;
2019-03-20;90;DPS;;;;;
2019-03-21;102;DPS;;;;;
2019-03-22;106;DPS;;;;;
2019-03-23;3;DPS;;;;;
2019-03-25;82;DPS;;;;;
2019-03-26;134;DPS;;;;;
2019-03-27;126;DPS;;;;;
2019-03-28;137;DPS;;;;;
2019-03-29;104;DPS;;;;;
2019-03-30;34;DPS;;;;;
2019-04-01;148;DPS;;;;;
2019-04-02;135;DPS;;;;;
2019-04-03;139;DPS;;;;;
2019-04-04;105;DPS;;;;;
2019-04-05;143;DPS;;;;;
2019-04-06;11;DPS;;;;;
2019-04-08;147;DPS;;;;;
2019-04-09;110;DPS;;;;;
2019-04-10;82;DPS;;;;;
2019-04-11;77;DPS;;;;;
2019-04-12;104;DPS;;;;;
2019-04-15;131;DPS;;;;;
2019-04-16;134;DPS;;;;;
2019-04-17;139;DPS;;;;;
2019-04-18;93;DPS;;;;;
2019-04-20;2;DPS;;;;;
2019-04-22;11;DPS;;;;;
2019-04-23;98;DPS;;;;;
2019-04-24;84;DPS;;;;;
2019-04-25;82;DPS;;;;;
2019-04-26;102;DPS;;;;;
2019-04-29;93;DPS;;;;;
2019-04-30;118;DPS;;;;;
2019-05-01;1;DPS;;;;;
2019-05-02;96;DPS;;;;;
2019-05-03;62;DPS;;;;;
2019-05-04;6;DPS;;;;;
2019-05-06;106;DPS;;;;;
2019-05-07;101;DPS;;;;;
2019-05-08;85;DPS;;;;;
2019-05-09;51;DPS;;;;;
2019-05-10;108;DPS;;;;;
2019-05-13;80;DPS;;;;;
2019-05-14;83;DPS;;;;;
2019-05-15;84;DPS;;;;;
2019-05-16;82;DPS;;;;;
2019-05-17;94;DPS;;;;;
2019-05-18;5;DPS;;;;;
2019-05-19;21;DPS;;;;;
2019-05-20;87;DPS;;;;;
2019-05-21;78;DPS;;;;;
2019-05-22;112;DPS;;;;;
2019-05-23;92;DPS;;;;;
2019-05-24;65;DPS;;;;;
2019-05-25;1;DPS;;;;;
2019-05-27;87;DPS;;;;;
2019-05-28;86;DPS;;;;;
2019-05-29;76;DPS;;;;;
2019-05-31;113;DPS;;;;;
2019-06-01;30;DPS;;;;;
2019-06-03;83;DPS;;;;;
2019-06-04;118;DPS;;;;;
2019-06-05;135;DPS;;;;;
2019-06-06;142;DPS;;;;;
2019-06-07;155;DPS;;;;;
2019-06-08;69;DPS;;;;;
2019-06-11;165;DPS;;;;;
2019-06-12;148;DPS;;;;;
2019-06-13;117;DPS;;;;;
2019-06-14;112;DPS;;;;;
2019-06-15;15;DPS;;;;;
2019-06-17;170;DPS;;;;;
2019-06-18;115;DPS;;;;;
2019-06-19;151;DPS;;;;;
2019-06-20;110;DPS;;;;;
2019-06-21;102;DPS;;;;;
2019-06-24;107;DPS;;;;;
2019-06-25;136;DPS;;;;;
2019-06-26;87;DPS;;;;;
2019-06-27;75;DPS;;;;;
2019-06-28;72;DPS;;;;;
2019-06-29;1;DPS;;;;;
2019-07-01;78;DPS;;;;;
2019-07-02;81;DPS;;;;;
2019-07-03;121;DPS;;;;;
2019-07-04;50;DPS;;;;;
2019-07-05;104;DPS;;;;;
2019-07-08;83;DPS;;;;;
2019-07-09;78;DPS;;;;;
2019-07-10;111;DPS;;;;;
2019-07-11;83;DPS;;;;;
2019-07-12;74;DPS;;;;;
2019-07-13;2;DPS;;;;;
2019-07-15;85;DPS;;;;;
2019-07-16;81;DPS;;;;;
2019-07-17;79;DPS;;;;;
2019-07-18;69;DPS;;;;;
2019-07-19;67;DPS;;;;;
2019-07-22;83;DPS;;;;;
2019-07-23;85;DPS;;;;;
2019-07-24;92;DPS;;;;;
2019-07-25;82;DPS;;;;;
2019-07-26;72;DPS;;;;;
2019-07-29;104;DPS;;;;;
2019-07-30;89;DPS;;;;;
2019-07-31;90;DPS;;;;;
2019-08-01;84;DPS;;;;;
2019-08-02;136;DPS;;;;;
2019-08-04;23;DPS;;;;;
2019-08-05;87;DPS;;;;;
2019-08-06;88;DPS;;;;;
2019-08-07;101;DPS;;;;;
2019-08-08;85;DPS;;;;;
2019-08-09;74;DPS;;;;;
2019-08-12;94;DPS;;;;;
2019-08-13;80;DPS;;;;;
2019-08-14;62;DPS;;;;;
2019-08-15;88;DPS;;;;;
2019-08-16;53;DPS;;;;;
2019-08-19;73;DPS;;;;;
2019-08-20;68;DPS;;;;;
2019-08-21;79;DPS;;;;;
2019-08-22;51;DPS;;;;;
2019-08-23;61;DPS;;;;;
2019-08-26;70;DPS;;;;;
2019-08-27;61;DPS;;;;;
2019-08-28;68;DPS;;;;;
2019-08-29;85;DPS;;;;;
2019-08-30;87;DPS;;;;;
2019-08-31;1;DPS;;;;;
2019-09-02;93;DPS;;;;;
2019-09-03;71;DPS;;;;;
2019-09-04;78;DPS;;;;;
2019-09-05;81;DPS;;;;;
2019-09-06;51;DPS;;;;;
2019-09-07;13;DPS;;;;;
2019-09-09;92;DPS;;;;;
2019-09-10;103;DPS;;;;;
2019-09-12;76;DPS;;;;;
2019-09-13;82;DPS;;;;;
2019-09-14;11;DPS;;;;;
2019-09-15;26;DPS;;;;;
2019-09-16;114;DPS;;;;;
2019-09-17;109;DPS;;;;;
2019-09-18;107;DPS;;;;;
2019-09-19;84;DPS;;;;;
2019-09-20;56;DPS;;;;;
2019-09-21;11;DPS;;;;;
2019-09-23;90;DPS;;;;;
2019-09-24;112;DPS;;;;;
2019-09-25;64;DPS;;;;;
2019-09-26;81;DPS;;;;;
2019-09-27;84;DPS;;;;;
2019-09-28;12;DPS;;;;;
2019-09-30;97;DPS;;;;;
2019-10-01;75;DPS;;;;;
2019-10-02;91;DPS;;;;;
2019-10-03;51;DPS;;;;;
2019-10-04;123;DPS;;;;;
2019-10-05;87;DPS;;;;;
2019-10-07;155;DPS;;;;;
2019-10-08;71;DPS;;;;;
2019-10-09;150;DPS;;;;;
2019-10-10;90;DPS;;;;;
2019-10-11;81;DPS;;;;;
2019-10-12;11;DPS;;;;;
2019-10-14;138;DPS;;;;;
2019-10-15;126;DPS;;;;;
2019-10-16;96;DPS;;;;;
2019-10-17;99;DPS;;;;;
2019-10-18;91;DPS;;;;;
2019-10-20;26;DPS;;;;;
2019-10-21;78;DPS;;;;;
2019-10-22;79;DPS;;;;;
2019-10-23;92;DPS;;;;;
2019-10-24;100;DPS;;;;;
2019-10-25;52;DPS;;;;;
2019-10-26;11;DPS;;;;;
2019-10-28;102;DPS;;;;;
2019-10-29;78;DPS;;;;;
2019-10-30;54;DPS;;;;;
2019-11-01;126;DPS;;;;;
2019-11-02;1;DPS;;;;;
2019-11-04;83;DPS;;;;;
2019-11-05;67;DPS;;;;;
2019-11-06;138;DPS;;;;;
2019-11-07;153;DPS;;;;;
2019-11-08;93;DPS;;;;;
2019-11-09;11;DPS;;;;;
2019-11-11;98;DPS;;;;;
2019-11-12;113;DPS;;;;;
2019-11-13;143;DPS;;;;;
2019-11-14;97;DPS;;;;;
2019-11-15;54;DPS;;;;;
2019-11-16;15;DPS;;;;;
2019-11-18;99;DPS;;;;;
2019-11-19;82;DPS;;;;;
2019-11-20;99;DPS;;;;;
2019-11-21;97;DPS;;;;;
2019-11-22;93;DPS;;;;;
2019-11-24;28;DPS;;;;;
2019-11-25;128;DPS;;;;;
2019-11-26;78;DPS;;;;;
2019-11-27;145;DPS;;;;;
2019-11-28;136;DPS;;;;;
2019-11-29;134;DPS;;;;;
2019-11-30;12;DPS;;;;;
2019-12-02;97;DPS;;;;;
2019-12-03;114;DPS;;;;;
2019-12-04;173;DPS;;;;;
2019-12-05;195;DPS;;;;;
2019-12-06;133;DPS;;;;;
2019-12-07;13;DPS;;;;;
2019-12-09;80;DPS;;;;;
2019-12-10;84;DPS;;;;;
2019-12-11;143;DPS;;;;;
2019-12-12;106;DPS;;;;;
2019-12-13;57;DPS;;;;;
2019-12-14;4;DPS;;;;;
2019-12-16;81;DPS;;;;;
2019-12-17;106;DPS;;;;;
2019-12-18;98;DPS;;;;;
2019-12-19;142;DPS;;;;;
2019-12-20;134;DPS;;;;;
2019-12-21;40;DPS;;;;;
2019-12-23;94;DPS;;;;;
2019-12-24;1;DPS;;;;;
2019-12-27;107;DPS;;;;;
2019-12-28;40;DPS;;;;;
2019-12-30;64;DPS;;;;;
2020-01-01;16;DPS;;;;;
2020-01-02;100;DPS;;;;;
2020-01-03;98;DPS;;;;;
2020-01-04;1;DPS;;;;;
2020-01-06;73;DPS;;;;;
2020-01-07;186;DPS;;;;;
2020-01-08;70;DPS;;;;;
2020-01-09;83;DPS;;;;;
2020-01-10;56;DPS;;;;;
2020-01-13;79;DPS;;;;;
2020-01-14;72;DPS;;;;;
2020-01-15;75;DPS;;;;;
2020-01-16;95;DPS;;;;;
2020-01-17;52;DPS;;;;;
2020-01-18;3;DPS;;;;;
2020-01-20;79;DPS;;;;;
2020-01-21;69;DPS;;;;;
2020-01-22;66;DPS;;;;;
2020-01-23;93;DPS;;;;;
2020-01-24;58;DPS;;;;;
2020-01-25;6;DPS;;;;;
2020-01-27;92;DPS;;;;;
2020-01-28;114;DPS;;;;;
2020-01-29;70;DPS;;;;;
2020-01-30;51;DPS;;;;;
2020-01-31;57;DPS;;;;;
2020-02-01;6;DPS;;;;;
2020-02-03;84;DPS;;;;;
2020-02-04;64;DPS;;;;;
2020-02-05;65;DPS;;;;;
2020-02-06;81;DPS;;;;;
2020-02-07;91;DPS;;;;;
2020-02-08;1;DPS;;;;;
2020-02-09;23;DPS;;;;;
2020-02-10;80;DPS;;;;;
2020-02-11;69;DPS;;;;;
2020-02-12;72;DPS;;;;;
2020-02-13;53;DPS;;;;;
2020-02-14;66;DPS;;;;;
2020-02-16;19;DPS;;;;;
2020-02-17;78;DPS;;;;;
2020-02-18;70;DPS;;;;;
2020-02-19;67;DPS;;;;;
2020-02-20;90;DPS;;;;;
2020-02-21;55;DPS;;;;;
2020-02-22;3;DPS;;;;;
2020-02-23;26;DPS;;;;;
2020-02-24;78;DPS;;;;;
2020-02-25;73;DPS;;;;;
2020-02-26;67;DPS;;;;;
2020-02-27;84;DPS;;;;;
2020-02-28;85;DPS;;;;;
2020-02-29;35;DPS;;;;;
2020-03-01;10;DPS;;;;;
2020-03-02;100;DPS;;;;;
2020-03-03;98;DPS;;;;;
2020-03-04;106;DPS;;;;;
2020-03-05;138;DPS;;;;;
2020-03-06;130;DPS;;;;;
2020-03-07;35;DPS;;;;;
2020-03-10;67;DPS;;;;;
2020-03-11;45;DPS;;;;;
2020-03-12;53;DPS;;;;;
2020-03-13;55;DPS;;;;;
2020-03-16;81;DPS;;;;;
2020-03-17;96;DPS;;;;;
2020-03-18;94;DPS;;;;;
2020-03-19;72;DPS;;;;;
2020-03-20;118;DPS;;;;;
2020-03-21;63;DPS;;;;;
2020-03-23;123;DPS;;;;;
2020-03-24;86;DPS;;;;;
2020-03-25;117;DPS;;;;;
2020-03-26;109;DPS;;;;;
2020-03-27;125;DPS;;;;;
2020-03-28;34;DPS;;;;;
2020-03-30;78;DPS;;;;;
2020-03-31;64;DPS;;;;;
2020-04-01;65;DPS;;;;;
2020-04-02;81;DPS;;;;;
2020-04-03;48;DPS;;;;;
2020-04-06;104;DPS;;;;;
2020-04-07;78;DPS;;;;;
2020-04-08;86;DPS;;;;;
2020-04-09;34;DPS;;;;;
2020-04-11;11;DPS;;;;;
2020-04-14;108;DPS;;;;;
2020-04-15;29;DPS;;;;;
2020-04-16;80;DPS;;;;;
2020-04-17;87;DPS;;;;;
2020-04-18;2;DPS;;;;;
2020-04-20;85;DPS;;;;;
2020-04-21;66;DPS;;;;;
2020-04-22;71;DPS;;;;;
2020-04-23;86;DPS;;;;;
2020-04-24;51;DPS;;;;;
2020-04-25;1;DPS;;;;;
2020-04-26;23;DPS;;;;;
2020-04-27;76;DPS;;;;;
2020-04-28;79;DPS;;;;;
2020-04-29;70;DPS;;;;;
2020-04-30;3;DPS;;;;;
2020-05-02;2;DPS;;;;;
2020-05-04;117;DPS;;;;;
2020-05-05;60;DPS;;;;;
2020-05-06;109;DPS;;;;;
2020-05-07;86;DPS;;;;;
2020-05-08;88;DPS;;;;;
2020-05-11;101;DPS;;;;;
2020-05-12;64;DPS;;;;;
2020-05-13;72;DPS;;;;;
2020-05-14;59;DPS;;;;;
2020-05-15;54;DPS;;;;;
2020-05-18;92;DPS;;;;;
2020-05-19;92;DPS;;;;;
2020-05-20;49;DPS;;;;;
2020-05-22;91;DPS;;;;;
2020-05-25;84;DPS;;;;;
2020-05-26;67;DPS;;;;;
2020-05-27;75;DPS;;;;;
2020-05-28;77;DPS;;;;;
2020-05-29;128;DPS;;;;;
2020-05-30;26;DPS;;;;;
2020-06-02;109;DPS;;;;;
2020-06-03;70;DPS;;;;;
2020-06-04;97;DPS;;;;;
2020-06-05;90;DPS;;;;;
2020-06-06;34;DPS;;;;;
2020-06-07;24;DPS;;;;;
2020-06-08;71;DPS;;;;;
2020-06-09;67;DPS;;;;;
2020-06-10;62;DPS;;;;;
2020-06-11;77;DPS;;;;;
2020-06-12;84;DPS;;;;;
2020-06-16;90;DPS;;;;;
2020-06-17;65;DPS;;;;;
2020-06-18;83;DPS;;;;;
2020-06-19;74;DPS;;;;;
2020-06-20;35;DPS;;;;;
2020-06-21;24;DPS;;;;;
2020-06-22;80;DPS;;;;;
2020-06-23;96;DPS;;;;;
2020-06-24;61;DPS;;;;;
2020-06-25;85;DPS;;;;;
2020-06-26;82;DPS;;;;;
2020-06-27;13;DPS;;;;;
2020-06-29;61;DPS;;;;;
2020-06-30;124;DPS;;;;;
2020-07-01;89;DPS;;;;;
2020-07-02;120;DPS;;;;;
2020-07-03;126;DPS;;;;;
2020-07-04;14;DPS;;;;;
2020-07-06;94;DPS;;;;;
2020-07-07;88;DPS;;;;;
2020-07-08;107;DPS;;;;;
2020-07-09;124;DPS;;;;;
2020-07-10;111;DPS;;;;;
2020-07-11;56;DPS;;;;;
2020-07-13;100;DPS;;;;;
2020-07-14;63;DPS;;;;;
2020-07-15;36;DPS;;;;;
2020-07-16;151;DPS;;;;;
2020-07-17;142;DPS;;;;;
2020-07-18;14;DPS;;;;;
2020-07-20;142;DPS;;;;;
2020-07-21;89;DPS;;;;;
2020-07-22;85;DPS;;;;;
2020-07-23;70;DPS;;;;;
2020-07-24;87;DPS;;;;;
2020-07-27;76;DPS;;;;;
2020-07-28;97;DPS;;;;;
2020-07-29;62;DPS;;;;;
2020-07-30;93;DPS;;;;;
2020-07-31;86;DPS;;;;;
2020-08-01;11;DPS;;;;;
2020-08-03;81;DPS;;;;;
2020-08-04;81;DPS;;;;;
2020-08-05;54;DPS;;;;;
2020-08-06;60;DPS;;;;;
2020-08-07;85;DPS;;;;;
2020-08-08;12;DPS;;;;;
2020-08-10;92;DPS;;;;;
2020-08-11;88;DPS;;;;;
2020-08-12;103;DPS;;;;;
2020-08-13;126;DPS;;;;;
2020-08-14;82;DPS;;;;;
2020-08-15;12;DPS;;;;;
2020-08-17;112;DPS;;;;;
2020-08-18;93;DPS;;;;;
2020-08-19;105;DPS;;;;;
2020-08-20;117;DPS;;;;;
2020-08-21;82;DPS;;;;;
2020-08-24;83;DPS;;;;;
2020-08-25;66;DPS;;;;;
2020-08-26;69;DPS;;;;;
2020-08-27;65;DPS;;;;;
2020-08-28;85;DPS;;;;;
2020-08-29;1;DPS;;;;;
2020-08-31;67;DPS;;;;;
2020-09-01;65;DPS;;;;;
2020-09-02;55;DPS;;;;;
2020-09-03;99;DPS;;;;;
2020-09-04;91;DPS;;;;;
2020-09-05;14;DPS;;;;;
2020-09-07;92;DPS;;;;;
2020-09-08;73;DPS;;;;;
2020-09-09;85;DPS;;;;;
2020-09-10;113;DPS;;;;;
2020-09-11;79;DPS;;;;;
2020-09-14;80;DPS;;;;;
2020-09-15;90;DPS;;;;;
2020-09-16;67;DPS;;;;;
2020-09-17;36;DPS;;;;;
2020-09-18;41;DPS;;;;;
2020-09-19;1;DPS;;;;;
2020-09-21;69;DPS;;;;;
2020-09-22;77;DPS;;;;;
2020-09-23;55;DPS;;;;;
2020-09-24;37;DPS;;;;;
2020-09-25;37;DPS;;;;;
2020-09-28;103;DPS;;;;;
2020-09-29;73;DPS;;;;;
2020-09-30;111;DPS;;;;;
2020-10-01;99;DPS;;;;;
2020-10-02;82;DPS;;;;;
2020-10-05;105;DPS;;;;;
2020-10-06;73;DPS;;;;;
2020-10-07;98;DPS;;;;;
2020-10-08;85;DPS;;;;;
2020-10-09;76;DPS;;;;;
2020-10-10;22;DPS;;;;;
2020-10-12;100;DPS;;;;;
2020-10-13;65;DPS;;;;;
2020-10-14;113;DPS;;;;;
2020-10-15;105;DPS;;;;;
2020-10-16;90;DPS;;;;;
2020-10-17;22;DPS;;;;;
2020-10-19;108;DPS;;;;;
2020-10-20;63;DPS;;;;;
2020-10-21;117;DPS;;;;;
2020-10-22;64;DPS;;;;;
2020-10-23;90;DPS;;;;;
2020-10-24;20;DPS;;;;;
2020-10-26;102;DPS;;;;;
2020-10-27;108;DPS;;;;;
2020-10-28;105;DPS;;;;;
2020-10-29;95;DPS;;;;;
2020-10-30;82;DPS;;;;;
2020-11-02;95;DPS;;;;;
2020-11-03;66;DPS;;;;;
2020-11-04;66;DPS;;;;;
2020-11-05;77;DPS;;;;;
2020-11-06;96;DPS;;;;;
2020-11-07;20;DPS;;;;;
2020-11-09;111;DPS;;;;;
2020-11-10;106;DPS;;;;;
2020-11-11;115;DPS;;;;;
2020-11-12;101;DPS;;;;;
2020-11-13;83;DPS;;;;;
2020-11-14;22;DPS;;;;;
2020-11-16;106;DPS;;;;;
2020-11-17;78;DPS;;;;;
2020-11-18;158;DPS;;;;;
2020-11-19;105;DPS;;;;;
2020-11-20;87;DPS;;;;;
2020-11-21;13;DPS;;;;;
2020-11-23;119;DPS;;;;;
2020-11-24;74;DPS;;;;;
2020-11-25;123;DPS;;;;;
2020-11-26;107;DPS;;;;;
2020-11-27;95;DPS;;;;;
2020-11-28;3;DPS;;;;;
2020-11-30;103;DPS;;;;;
2020-12-01;60;DPS;;;;;
2020-12-02;149;DPS;;;;;
2020-12-03;138;DPS;;;;;
2020-12-04;110;DPS;;;;;
2020-12-05;75;DPS;;;;;
2020-12-07;91;DPS;;;;;
2020-12-08;36;DPS;;;;;
2020-12-09;119;DPS;;;;;
2020-12-10;71;DPS;;;;;
2020-12-11;53;DPS;;;;;
2020-12-14;103;DPS;;;;;
2020-12-15;22;DPS;;;;;
2020-12-16;99;DPS;;;;;
2020-12-17;104;DPS;;;;;
2020-12-18;79;DPS;;;;;
2020-12-19;71;DPS;;;;;
2020-12-21;83;DPS;;;;;
2020-12-22;53;DPS;;;;;
2020-12-23;114;DPS;;;;;
2020-12-24;18;DPS;;;;;
2020-12-28;104;DPS;;;;;
2020-12-29;82;DPS;;;;;
2020-12-30;75;DPS;;;;;
2021-01-02;43;DPS;;;;;
2021-01-04;72;DPS;;;;;
2021-01-05;40;DPS;;;;;
2021-01-06;64;DPS;;;;;
2021-01-07;73;DPS;;;;;
2021-01-08;92;DPS;;;;;
2021-01-09;26;DPS;;;;;
2021-01-11;93;DPS;;;;;
2021-01-12;74;DPS;;;;;
2021-01-13;60;DPS;;;;;
2021-01-14;69;DPS;;;;;
2021-01-18;105;DPS;;;;;
2021-01-19;54;DPS;;;;;
2021-01-20;75;DPS;;;;;
2021-01-21;78;DPS;;;;;
2021-01-22;81;DPS;;;;;
2021-01-23;32;DPS;;;;;
2021-01-24;30;DPS;;;;;
2021-01-25;116;DPS;;;;;
2021-01-26;93;DPS;;;;;
2021-01-27;71;DPS;;;;;
2021-01-28;61;DPS;;;;;
2021-01-29;78;DPS;;;;;
2021-01-30;28;DPS;;;;;
2021-02-01;100;DPS;;;;;
2021-02-02;52;DPS;;;;;
2021-02-03;69;DPS;;;;;
2021-02-04;72;DPS;;;;;
2021-02-05;80;DPS;;;;;
2021-02-07;25;DPS;;;;;
2021-02-08;68;DPS;;;;;
2021-02-09;50;DPS;;;;;
2021-02-10;103;DPS;;;;;
2021-02-11;56;DPS;;;;;
2021-02-12;55;DPS;;;;;
2021-02-15;97;DPS;;;;;
2021-02-16;92;DPS;;;;;
2021-02-17;73;DPS;;;;;
2021-02-18;79;DPS;;;;;
2021-02-19;45;DPS;;;;;
2021-02-22;101;DPS;;;;;
2021-02-23;47;DPS;;;;;
2021-02-24;69;DPS;;;;;
2021-02-25;33;DPS;;;;;
2021-02-26;49;DPS;;;;;
2021-03-01;68;DPS;;;;;
2021-03-02;45;DPS;;;;;
2021-03-03;68;DPS;;;;;
2021-03-04;32;DPS;;;;;
2021-03-05;52;DPS;;;;;
2021-03-06;2;DPS;;;;;
2021-03-08;75;DPS;;;;;
2021-03-09;42;DPS;;;;;
2021-03-10;59;DPS;;;;;
2021-03-11;72;DPS;;;;;
2021-03-12;47;DPS;;;;;
2021-03-13;4;DPS;;;;;
2021-03-15;72;DPS;;;;;
2021-03-16;64;DPS;;;;;
2021-03-17;74;DPS;;;;;
2021-03-18;83;DPS;;;;;
2021-03-19;74;DPS;;;;;
2021-03-20;31;DPS;;;;;
2021-03-22;114;DPS;;;;;
2021-03-23;45;DPS;;;;;
2021-03-24;69;DPS;;;;;
2021-03-25;78;DPS;;;;;
2021-03-26;75;DPS;;;;;
2021-03-27;16;DPS;;;;;
2021-03-28;17;DPS;;;;;
2021-03-29;71;DPS;;;;;
2021-03-30;21;DPS;;;;;
2021-03-31;103;DPS;;;;;
2021-04-01;94;DPS;;;;;
2021-04-03;34;DPS;;;;;
2021-04-06;86;DPS;;;;;
2021-04-07;50;DPS;;;;;
2021-04-08;41;DPS;;;;;
2021-04-09;43;DPS;;;;;
2021-04-12;82;DPS;;;;;
2021-04-13;43;DPS;;;;;
2021-04-14;66;DPS;;;;;
2021-04-15;70;DPS;;;;;
2021-04-16;80;DPS;;;;;
2021-04-19;68;DPS;;;;;
2021-04-20;62;DPS;;;;;
2021-04-21;67;DPS;;;;;
2021-04-22;81;DPS;;;;;
2021-04-23;44;DPS;;;;;
2021-04-25;21;DPS;;;;;
2021-04-26;68;DPS;;;;;
2021-04-27;53;DPS;;;;;
2021-04-28;74;DPS;;;;;
2021-04-29;87;DPS;;;;;
2021-04-30;100;DPS;;;;;
2021-05-03;57;DPS;;;;;
2021-05-04;62;DPS;;;;;
2021-05-05;59;DPS;;;;;
2021-05-06;76;DPS;;;;;
2021-05-07;64;DPS;;;;;
2021-05-08;28;DPS;;;;;
2021-05-10;141;DPS;;;;;
2021-05-11;91;DPS;;;;;
2021-05-12;68;DPS;;;;;
2021-05-14;128;DPS;;;;;
2021-05-15;30;DPS;;;;;
2021-05-17;66;DPS;;;;;
2021-05-18;88;DPS;;;;;
2021-05-19;103;DPS;;;;;
2021-05-20;121;DPS;;;;;
2021-05-21;125;DPS;;;;;
2021-05-22;41;DPS;;;;;
2021-05-25;80;DPS;;;;;
2021-05-26;83;DPS;;;;;
2021-05-27;89;DPS;;;;;
2021-05-28;82;DPS;;;;;
2021-05-29;1;DPS;;;;;
2021-05-31;72;DPS;;;;;
2021-06-01;39;DPS;;;;;
2021-06-02;68;DPS;;;;;
2021-06-03;35;DPS;;;;;
2021-06-04;47;DPS;;;;;
2021-06-05;1;DPS;;;;;
2021-06-07;82;DPS;;;;;
2021-06-08;31;DPS;;;;;
2021-06-09;63;DPS;;;;;
2021-06-10;71;DPS;;;;;
2021-06-11;74;DPS;;;;;
2021-06-12;29;DPS;;;;;
2021-06-14;146;DPS;;;;;
2021-06-15;118;DPS;;;;;
2021-06-16;103;DPS;;;;;
2021-06-17;75;DPS;;;;;
2021-06-18;79;DPS;;;;;
2021-06-19;29;DPS;;;;;
2021-06-20;28;DPS;;;;;
2021-06-21;118;DPS;;;;;
2021-06-22;105;DPS;;;;;
2021-06-23;77;DPS;;;;;
2021-06-24;72;DPS;;;;;
2021-06-25;37;DPS;;;;;
2021-06-26;1;DPS;;;;;
2021-06-27;26;DPS;;;;;
2021-06-28;75;DPS;;;;;
2021-06-29;65;DPS;;;;;
2021-06-30;59;DPS;;;;;
2021-07-01;74;DPS;;;;;
2021-07-02;44;DPS;;;;;
2021-07-03;3;DPS;;;;;
2021-07-05;119;DPS;;;;;
2021-07-06;45;DPS;;;;;
2021-07-07;59;DPS;;;;;
2021-07-08;78;DPS;;;;;
2021-07-09;35;DPS;;;;;
2021-07-10;26;DPS;;;;;
2021-07-12;115;DPS;;;;;
2021-07-13;73;DPS;;;;;
2021-07-14;95;DPS;;;;;
2021-07-15;76;DPS;;;;;
2021-07-16;40;DPS;;;;;
2021-07-17;2;DPS;;;;;
2021-07-19;109;DPS;;;;;
2021-07-20;72;DPS;;;;;
2021-07-21;71;DPS;;;;;
2021-07-22;67;DPS;;;;;
2021-07-23;54;DPS;;;;;
2021-07-24;1;DPS;;;;;
2021-07-26;92;DPS;;;;;
2021-07-27;32;DPS;;;;;
2021-07-28;65;DPS;;;;;
2021-07-29;73;DPS;;;;;
2021-07-30;52;DPS;;;;;
2021-08-02;103;DPS;;;;;
2021-08-03;73;DPS;;;;;
2021-08-04;61;DPS;;;;;
2021-08-05;57;DPS;;;;;
2021-08-06;76;DPS;;;;;
2021-08-09;108;DPS;;;;;
2021-08-10;46;DPS;;;;;
2021-08-11;73;DPS;;;;;
2021-08-12;70;DPS;;;;;
2021-08-13;98;DPS;;;;;
2021-08-16;110;DPS;;;;;
2021-08-17;65;DPS;;;;;
2021-08-18;63;DPS;;;;;
2021-08-19;69;DPS;;;;;
2021-08-20;85;DPS;;;;;
2021-08-21;31;DPS;;;;;
2021-08-23;107;DPS;;;;;
2021-08-24;100;DPS;;;;;
2021-08-25;64;DPS;;;;;
2021-08-26;63;DPS;;;;;
2021-08-27;75;DPS;;;;;
2021-08-28;30;DPS;;;;;
2021-08-30;145;DPS;;;;;
2021-08-31;59;DPS;;;;;
2021-09-01;74;DPS;;;;;
2021-09-02;114;DPS;;;;;
2021-09-03;82;DPS;;;;;
2021-09-04;32;DPS;;;;;
2021-09-06;108;DPS;;;;;
2021-09-07;102;DPS;;;;;
2021-09-08;101;DPS;;;;;
2021-09-09;60;DPS;;;;;
2021-09-10;80;DPS;;;;;
2021-09-11;30;DPS;;;;;
2021-09-13;76;DPS;;;;;
2021-09-14;32;DPS;;;;;
2021-09-15;17;DPS;;;;;
2021-09-16;20;DPS;;;;;
2021-09-19;4;DPS;;;;;
2021-09-20;73;DPS;;;;;
2021-09-21;81;DPS;;;;;
2021-09-22;67;DPS;;;;;
2021-09-23;70;DPS;;;;;
2021-09-24;65;DPS;;;;;
2021-09-25;1;DPS;;;;;
2021-09-27;87;DPS;;;;;
2021-09-28;75;DPS;;;;;
2021-09-29;68;DPS;;;;;
2021-09-30;115;DPS;;;;;
2021-10-01;42;DPS;;;;;
2021-10-02;38;DPS;;;;;
2021-10-04;101;DPS;;;;;
2021-10-05;100;DPS;;;;;
2021-10-06;176;DPS;;;;;
2021-10-07;168;DPS;;;;;
2021-10-08;123;DPS;;;;;
2021-10-09;7;DPS;;;;;
2021-10-11;72;DPS;;;;;
2021-10-12;68;DPS;;;;;
2021-10-13;124;DPS;;;;;
2021-10-14;120;DPS;;;;;
2021-10-15;72;DPS;;;;;
2021-10-18;72;DPS;;;;;
2021-10-19;72;DPS;;;;;
2021-10-20;165;DPS;;;;;
2021-10-21;147;DPS;;;;;
2021-10-22;108;DPS;;;;;
2021-10-23;34;DPS;;;;;
2021-10-25;143;DPS;;;;;
2021-10-26;125;DPS;;;;;
2021-10-27;115;DPS;;;;;
2021-10-28;160;DPS;;;;;
2021-10-29;109;DPS;;;;;
2021-10-30;38;DPS;;;;;
2021-11-01;134;DPS;;;;;
2021-11-02;99;DPS;;;;;
2021-11-03;108;DPS;;;;;
2021-11-04;120;DPS;;;;;
2021-11-05;104;DPS;;;;;
2021-11-06;28;DPS;;;;;
2021-11-08;113;DPS;;;;;
2021-11-09;107;DPS;;;;;
2021-11-10;105;DPS;;;;;
2021-11-11;109;DPS;;;;;
2021-11-12;101;DPS;;;;;
2021-11-13;75;DPS;;;;;
2021-11-15;153;DPS;;;;;
2021-11-16;54;DPS;;;;;
2021-11-17;65;DPS;;;;;
2021-11-18;123;DPS;;;;;
2021-11-19;77;DPS;;;;;
2021-11-20;1;DPS;;;;;
2021-11-21;4;DPS;;;;;
2021-11-22;77;DPS;;;;;
2021-11-23;104;DPS;;;;;
2021-11-24;90;DPS;;;;;
2021-11-25;121;DPS;;;;;
2021-11-26;95;DPS;;;;;
2021-11-27;47;DPS;;;;;
2021-11-29;111;DPS;;;;;
2021-11-30;60;DPS;;;;;
2021-12-01;66;DPS;;;;;
2021-12-02;67;DPS;;;;;
2021-12-03;179;DPS;;;;;
2021-12-04;48;DPS;;;;;
